<?xml version="1.0"?>
<config xmlns:xsi="http://www.w3.org/2001/XMLSchema-instance" xsi:noNamespaceSchemaLocation="urn:magento:module:Magento_Config:etc/system_file.xsd">
    <system>
        <tab id="templatemonster" class="templatemonster_tab" translate="label" sortOrder="1000">
            <label>TemplateMonster</label>
        </tab>
        <section id="tm_blog" translate="label" type="text" sortOrder="1" showInDefault="1" showInWebsite="1" showInStore="1">
            <class>separator-top</class>
            <label>Blog</label>
            <tab>templatemonster</tab>
            <resource>TemplateMonster_Blog::config_blog</resource>
            <group id="general" translate="label" type="text" sortOrder="10" showInDefault="1" showInWebsite="1" showInStore="1">
                <label>General option</label>
                <field id="active" translate="label comment" type="select" sortOrder="10" showInDefault="1" showInWebsite="1" showInStore="1">
                    <label>Enable/Disable</label>
                    <comment>Enable/Disable module</comment>
                    <source_model>Magento\Config\Model\Config\Source\Enabledisable</source_model>
                </field>
                <field id="toplink_active" translate="label comment" type="select" sortOrder="20" showInDefault="1" showInWebsite="1" showInStore="1">
                    <label>Show in TopLinks</label>
                    <comment>Enable/Disable link 'Blog' in header toplinks</comment>
                    <source_model>Magento\Config\Model\Config\Source\Enabledisable</source_model>
                </field>
                <field id="toplink_label" translate="label comment" type="text" sortOrder="25" showInDefault="1" showInWebsite="1" showInStore="1">
                    <label>Toplink Title</label>
                    <validate>validate-no-empty</validate>
                    <depends>
                        <field id="toplink_active">1</field>
                    </depends>
                </field>
                <field id="menu_active" translate="label comment" type="select" sortOrder="27" showInDefault="1" showInWebsite="1" showInStore="1">
                    <label>Show in Menu</label>
                    <comment>Enable/Disable link in menu</comment>
                    <source_model>Magento\Config\Model\Config\Source\Enabledisable</source_model>
                </field>
                <field id="title" translate="label comment" type="text" sortOrder="30" showInDefault="1" showInWebsite="1" showInStore="1">
                    <label>Title</label>
                </field>
                <field id="meta_keywords" translate="label comment" type="textarea" sortOrder="40" showInDefault="1" showInWebsite="1" showInStore="1">
                    <label>Meta Keywords</label>
                </field>
                <field id="meta_description" translate="label comment" type="textarea" sortOrder="50" showInDefault="1" showInWebsite="1" showInStore="1">
                    <label>Meta Description</label>
                </field>
                <field id="route" translate="label comment" type="text" sortOrder="60" showInDefault="1" showInWebsite="1" showInStore="1">
                    <label>Route</label>
                    <comment>If "blog" will be like website.my/blog/</comment>
                </field>
                <field id="limits" translate="label comment" type="text" sortOrder="70" showInDefault="1" showInWebsite="1" showInStore="1">
                    <label>Posts per view</label>
                    <comment>Format "3/6/9"</comment>
                </field>
                <field id="list_layout" translate="label comment" type="select" sortOrder="80" showInDefault="1" showInWebsite="1" showInStore="1">
                    <label>Post List Page Layout</label>
                    <source_model>Magento\Catalog\Model\Category\Attribute\Source\Layout</source_model>
                </field>
                <field id="post_layout" translate="label comment" type="select" sortOrder="90" showInDefault="1" showInWebsite="1" showInStore="1">
                    <label>Post Page Layout</label>
                    <source_model>Magento\Catalog\Model\Category\Attribute\Source\Layout</source_model>
                </field>
                <field id="recaptcha" translate="label comment" type="select" sortOrder="100" showInDefault="1" showInWebsite="1" showInStore="1">
                    <label>ReCAPTCHA Enable/Disable</label>
                    <comment>Enable/Disable module</comment>
                    <source_model>Magento\Config\Model\Config\Source\Enabledisable</source_model>
                </field>
                <field id="recaptcha_api" translate="label comment" type="text" sortOrder="110" showInDefault="1" showInWebsite="1" showInStore="1">
                    <label>Captcha API key</label>
                    <depends>
                        <field id="recaptcha">1</field>
                    </depends>
                </field>
                <field id="recaptcha_secret" translate="label comment" type="text" sortOrder="120" showInDefault="1" showInWebsite="1" showInStore="1">
                    <label>Captcha API secret</label>
                    <depends>
                        <field id="recaptcha">1</field>
                    </depends>
                </field>
                <field id="data_format" translate="label comment" type="text" sortOrder="130" showInDefault="1" showInWebsite="1" showInStore="1">
                    <label>Data Format</label>
                </field>
            </group>

            <group id="post_view" translate="label" type="text" sortOrder="30" showInDefault="1" showInWebsite="1" showInStore="1">
                <label>Post View</label>

                <group id="related_posts" translate="label" type="text" sortOrder="10" showInDefault="1" showInWebsite="1" showInStore="1">
                    <label>Related Posts</label>
                    <field id="enabled" translate="label comment" type="select" sortOrder="10" showInDefault="1" showInWebsite="1" showInStore="1">
                        <label>Display Related Posts</label>
                        <source_model>Magento\Config\Model\Config\Source\Yesno</source_model>
                    </field>

                    <field id="posts_number" translate="label comment" type="text" sortOrder="20" showInDefault="1" showInWebsite="1" showInStore="1">
                        <label>Number of Posts</label>
                        <depends>
                            <field id="enabled">1</field>
                        </depends>
                    </field>

                    <field id="layout_view" translate="label comment" type="select" sortOrder="30" showInDefault="1" showInWebsite="1" showInStore="1">
                        <label>Post Layout View</label>
                        <source_model>TemplateMonster\Blog\Model\Config\LayoutView</source_model>
                        <depends>
                            <field id="enabled">1</field>
                        </depends>
                    </field>

                    <field id="posts_number_per_view" translate="label comment" type="text" sortOrder="40" showInDefault="1" showInWebsite="1" showInStore="1">
                        <label>Number of Posts Per View</label>
                        <depends>
                            <field id="layout_view">0</field>
                            <field id="enabled">1</field>
                        </depends>
                    </field>
                </group>

                <group id="related_products" translate="label" type="text" sortOrder="20" showInDefault="1" showInWebsite="1" showInStore="1">
                    <label>Related Products</label>
                    <field id="enabled" translate="label comment" type="select" sortOrder="10" showInDefault="1" showInWebsite="1" showInStore="1">
                        <label>Display Related Products</label>
                        <source_model>Magento\Config\Model\Config\Source\Yesno</source_model>
                    </field>

                    <field id="products_number" translate="label comment" type="text" sortOrder="20" showInDefault="1" showInWebsite="1" showInStore="1">
                        <label>Number of Products</label>
                        <depends>
                            <field id="enabled">1</field>
                        </depends>
                    </field>

                    <field id="products_number_per_view" translate="label comment" type="text" sortOrder="30" showInDefault="1" showInWebsite="1" showInStore="1">
                        <label>Number of Products Per View</label>
                        <depends>
                            <field id="enabled">1</field>
                        </depends>
                    </field>

                    <field id="show_links" translate="label comment" type="select" sortOrder="40" showInDefault="1" showInWebsite="1" showInStore="1">
                        <label>Show Post Links at Product Page</label>
                        <source_model>Magento\Config\Model\Config\Source\Yesno</source_model>
                        <depends>
                            <field id="enabled">1</field>
                        </depends>
                    </field>
                </group>
            </group>

            <group id="sidebar" translate="label" type="text" sortOrder="40" showInDefault="1" showInWebsite="1" showInStore="1">
                <label>Sidebar</label>

                <field id="show_categories" translate="label comment" type="select" sortOrder="10" showInDefault="1" showInWebsite="1" showInStore="1">
                    <label>Show Categories</label>
                    <source_model>Magento\Config\Model\Config\Source\Enabledisable</source_model>
                </field>
                <field id="categories_number" translate="label comment" type="text" sortOrder="20" showInDefault="1" showInWebsite="1" showInStore="1">
                    <label>Number of Categories</label>
                    <depends>
                        <field id="show_categories">1</field>
                    </depends>
                </field>

                <field id="show_posts" translate="label comment" type="select" sortOrder="30" showInDefault="1" showInWebsite="1" showInStore="1">
                    <label>Show Recent Posts</label>
                    <source_model>Magento\Config\Model\Config\Source\Enabledisable</source_model>
                </field>
                <field id="posts_number" translate="label comment" type="text" sortOrder="40" showInDefault="1" showInWebsite="1" showInStore="1">
                    <label>Number of Posts</label>
                    <depends>
                        <field id="show_posts">1</field>
                    </depends>
                </field>

                <field id="show_comments" translate="label comment" type="select" sortOrder="50" showInDefault="1" showInWebsite="1" showInStore="1">
                    <label>Show Recent Comments</label>
                    <source_model>Magento\Config\Model\Config\Source\Enabledisable</source_model>
                </field>
                <field id="comments_number" translate="label comment" type="text" sortOrder="60" showInDefault="1" showInWebsite="1" showInStore="1">
                    <label>Number of Comments</label>
                    <depends>
                        <field id="show_comments">1</field>
                    </depends>
                </field>
            </group>
            <group id="social_sharing" translate="label" type="text" sortOrder="50" showInDefault="1" showInWebsite="1" showInStore="1">
                <label>Social Sharing</label>
                <group id="general" translate="label" type="text" sortOrder="10" showInDefault="1" showInWebsite="1" showInStore="1">
                    <label>General</label>
                    <field id="enabled" translate="label comment" type="select" sortOrder="10" showInDefault="1" showInWebsite="1" showInStore="1">
                        <label>Enabled</label>
                        <comment>Turn on to enable social sharing.</comment>
                        <source_model>Magento\Config\Model\Config\Source\Yesno</source_model>
                    </field>
                    <field id="profile_id" translate="label comment" type="text" sortOrder="20" showInDefault="1" showInWebsite="1" showInStore="1">
                        <label>Profile Id</label>
                        <comment>AddThis identifier.</comment>
                    </field>
                </group>
                <group id="look_and_feel" translate="label" type="text" sortOrder="20" showInDefault="1" showInWebsite="1" showInStore="1">
                    <label>Look &amp; Feel</label>
                    <field id="style" translate="label comment" type="radios" sortOrder="10" showInDefault="1" showInWebsite="1" showInStore="1">
                        <label>Style</label>
                        <source_model>TemplateMonster\Blog\Model\Config\Source\Style</source_model>
                    </field>
                    <field id="custom_button" translate="label comment" type="text" sortOrder="20" showInDefault="1" showInWebsite="1" showInStore="1">
                        <depends>
                            <field id="style">custom_button</field>
                        </depends>
                        <label>Custom Button</label>
                        <comment>Custom button image url.</comment>
                        <validate>url2</validate>
                    </field>
                    <field id="custom_code" translate="label comment" type="textarea" sortOrder="30" showInDefault="1" showInWebsite="1" showInStore="1">
                        <depends>
                            <field id="style">custom_code</field>
                        </depends>
                        <label>Custom Code</label>
                        <comment>Custom html code to display.</comment>
                    </field>
                </group>
                <group id="custom_metadata" translate="label" type="text" sortOrder="30" showInDefault="1" showInWebsite="1" showInStore="1">
                    <label>Custom Metadata</label>
                    <field id="url" translate="label comment" type="text" sortOrder="10" showInDefault="1" showInWebsite="1" showInStore="1">
                        <label>Url</label>
                        <comment>Custom page url to share.</comment>
                        <validate>url2</validate>
                    </field>
                    <field id="title" translate="label comment" type="text" sortOrder="20" showInDefault="1" showInWebsite="1" showInStore="1">
                        <label>Title</label>
                        <comment>Custom page title to share.</comment>
                    </field>
                    <field id="description" translate="label comment" type="textarea" sortOrder="30" showInDefault="1" showInWebsite="1" showInStore="1">
                        <label>Description</label>
                        <comment>Custom page description to share.</comment>
                    </field>
                </group>
                <group id="custom_service" translate="label" type="text" sortOrder="40" showInDefault="1" showInWebsite="1" showInStore="1">
                    <label>Custom Sharing Service</label>
                    <field id="name" translate="label comment" type="text" sortOrder="10" showInDefault="1" showInWebsite="1" showInStore="1">
                        <label>Name</label>
                        <comment>Custom sharing service name.</comment>
                    </field>
                    <field id="url" translate="label comment" type="text" sortOrder="20" showInDefault="1" showInWebsite="1" showInStore="1">
                        <label>Url</label>
                        <comment>Custom sharing service url.</comment>
                        <validate>url2</validate>
                    </field>
                    <field id="icon" translate="label comment" type="text" sortOrder="30" showInDefault="1" showInWebsite="1" showInStore="1">
                        <label>Icon</label>
                        <comment>Custom sharing service icon url.</comment>
                        <validate>url2</validate>
                    </field>
                </group>
                <group id="api" translate="label" type="text" sortOrder="50" showInDefault="1" showInWebsite="1" showInStore="1">
                    <label>Api Configuration Options</label>
                    <field id="exclude_services" translate="label comment" type="text" sortOrder="10" showInDefault="1" showInWebsite="1" showInStore="1">
                        <label>Exclude Services</label>
                        <comment>Services to exclude from all menus. For example, setting this to 'facebook,myspace' would hide Facebook and MySpace on all our menus.</comment>
                    </field>
                    <field id="compact_menu_services" translate="label comment" type="text" sortOrder="20" showInDefault="1" showInWebsite="1" showInStore="1">
                        <label>Compact Menu Services</label>
                        <comment>Services to use in the compact menu. For example, setting this to 'print,email,favorites' would result in only those three services appearing.</comment>
                    </field>
                    <field id="expanded_menu_services" translate="label comment" type="text" sortOrder="30" showInDefault="1" showInWebsite="1" showInStore="1">
                        <label>Expanded Menu Service</label>
                        <comment>Services to use in the expanded menu. Useful if very few services are desired — specifying a long list via services_exclude could be tiresome, and wouldn’t catch a new service added later. For example, setting this to 'bebo,misterwong,netvibes' would result in only those three services appearing in the expanded menu.</comment>
                    </field>
                    <field id="compact_menu_hover" translate="label comment" type="select" sortOrder="40" showInDefault="1" showInWebsite="1" showInStore="1">
                        <label>Compact Menu Hover</label>
                        <comment>Turn off to not to show the compact menu upon mousing over the regular button. Instead, it will be revealed upon clicking the button.</comment>
                        <source_model>Magento\Config\Model\Config\Source\Yesno</source_model>
                    </field>
                    <field id="delay" translate="label comment" type="text" sortOrder="50" showInDefault="1" showInWebsite="1" showInStore="1">
                        <label>Delay</label>
                        <comment>Delay, in milliseconds, before compact menu appears when mousing over a regular button. Capped at 500 ms.</comment>
                    </field>
                    <field id="compact_menu_direction" translate="label comment" type="select" sortOrder="60" showInDefault="1" showInWebsite="1" showInStore="1">
                        <label>Compact Menu Direction</label>
                        <comment>Normally, we show the compact menu in the direction of the user’s browser that has the most space. Change to customize the default behaviour.</comment>
                        <source_model>TemplateMonster\Blog\Model\Config\Source\CompactMenuDirection</source_model>
                    </field>
                    <field id="new_window" translate="label comment" type="select" sortOrder="70" showInDefault="1" showInWebsite="1" showInStore="1">
                        <label>New Window</label>
                        <comment>If true, clicking the AddThis button will open a new window to a page supporting sharing without JavaScript.</comment>
                        <source_model>Magento\Config\Model\Config\Source\Yesno</source_model>
                    </field>
                    <field id="menu_language" translate="label comment" type="select" sortOrder="80" showInDefault="1" showInWebsite="1" showInStore="1">
                        <label>Menu Language</label>
                        <comment>Force the menu to use a particular language.</comment>
                        <source_model>TemplateMonster\Blog\Model\Config\Source\MenuLanguage</source_model>
                    </field>
                    <field id="offset_top" translate="label comment" type="text" sortOrder="90" showInDefault="1" showInWebsite="1" showInStore="1">
                        <label>Offset Top</label>
                        <comment>Number of pixels to offset the top of the compact menu from its parent element.</comment>
                    </field>
                    <field id="offset_left" translate="label comment" type="text" sortOrder="100" showInDefault="1" showInWebsite="1" showInStore="1">
                        <label>Offset Left</label>
                        <comment>Number of pixels to offset the left of the compact menu from its parent element.</comment>
                    </field>
                    <field id="load_addthis_css" translate="label comment" type="select" sortOrder="110" showInDefault="1" showInWebsite="1" showInStore="1">
                        <label>Load AddThis CSS</label>
                        <comment>Turn off to not load our standard CSS file, allowing you to style everything yourself.</comment>
                        <source_model>Magento\Config\Model\Config\Source\Yesno</source_model>
                    </field>
                    <field id="track_clickbacks" translate="label comment" type="select" sortOrder="120" showInDefault="1" showInWebsite="1" showInStore="1">
                        <label>Track Clickbacks</label>
                        <comment>Turn on to allow us to append a variable to your URLs upon sharing. We’ll use this to track how many people come back to your content via links shared with AddThis.</comment>
                        <source_model>Magento\Config\Model\Config\Source\Yesno</source_model>
                    </field>
                    <field id="google_analytics_id" translate="label comment" type="text" sortOrder="140" showInDefault="1" showInWebsite="1" showInStore="1">
                        <label>Google Analytics Id</label>
                        <comment>Turn on to enable the module.</comment>
                    </field>
                </group>
            </group>
        </section>
    </system>
</config>
